{
    "step": 0,
    "loss": 12.920334815979004,
    "sparse_categorical_accuracy": 0.1484375,
    "val_loss": 11.82056999206543,
    "val_sparse_categorical_accuracy": 0.1015625
}