{"loss": 11.82056999206543, "sparse_categorical_accuracy": 0.1015625}